event_id,timestamp,user,source,result,host
auth-001,2026-01-15T11:01:00+01:00,demo-alice,lab-client-a,success,lab-app-1
auth-002,2026-01-15T10:02:00+00:00,demo-bob,lab-client-a,success,lab-app-1
auth-003,2026-01-15T10:03:00+00:00,demo-alice,lab-client-a,success,lab-app-1
auth-004,2026-01-15T10:04:00+00:00,demo-bob,lab-client-a,success,lab-app-1
auth-005,2026-01-15T10:05:00+00:00,demo-alice,lab-client-a,success,lab-app-1
auth-006,2026-01-15T10:06:00+00:00,demo-bob,lab-client-a,success,lab-app-1
auth-007,2026-01-15T10:07:00+00:00,demo-alice,lab-client-a,success,lab-app-1
auth-008,2026-01-15T10:08:00+00:00,demo-bob,lab-client-a,success,lab-app-1
auth-009,2026-01-15T10:09:00+00:00,demo-alice,lab-client-a,success,lab-app-1
auth-010,2026-01-15T10:10:00+00:00,demo-bob,lab-client-a,success,lab-app-1
auth-011,2026-01-15T10:11:00+00:00,demo-alice,lab-client-a,success,lab-app-1
auth-012,2026-01-15T10:12:00+00:00,demo-bob,lab-client-a,success,lab-app-1
auth-013,2026-01-15T10:13:00+00:00,demo-alice,lab-client-a,success,lab-app-1
auth-014,2026-01-15T10:14:00+00:00,demo-bob,lab-client-a,success,lab-app-1
auth-015,2026-01-15T10:15:00+00:00,demo-alice,lab-client-a,success,lab-app-1
auth-016,2026-01-15T10:16:00+00:00,demo-bob,lab-client-a,success,lab-app-1
auth-017,2026-01-15T10:17:00+00:00,demo-alice,lab-client-a,success,lab-app-1
auth-018,2026-01-15T10:18:00+00:00,demo-bob,lab-client-a,success,lab-app-1
auth-019,2026-01-15T10:19:00+00:00,demo-alice,lab-client-a,success,lab-app-1
auth-020,2026-01-15T10:20:00+00:00,demo-bob,lab-client-a,success,lab-app-1
auth-021,2026-01-15T10:21:00+00:00,demo-admin,lab-admin,failure,lab-app-1
auth-022,2026-01-15T10:22:00+00:00,demo-admin,lab-admin,success,lab-app-1
auth-023,2026-01-15T10:30:00+00:00,demo-target,lab-client-b,failure,lab-app-1
auth-024,2026-01-15T10:31:00+00:00,demo-target,lab-client-b,failure,lab-app-1
auth-025,2026-01-15T10:32:00+00:00,demo-target,lab-client-b,failure,lab-app-1
auth-026,2026-01-15T10:33:00+00:00,demo-target,lab-client-b,failure,lab-app-1
auth-027,2026-01-15T10:34:00+00:00,demo-target,lab-client-b,failure,lab-app-1
auth-028,2026-01-15T10:35:00+00:00,demo-target,lab-client-b,success,lab-app-1
auth-029,2026-01-15T10:40:00+00:00,demo-service,lab-backup,success,lab-app-1
auth-030,2026-01-15T10:41:00+00:00,demo-service,lab-backup,success,lab-app-1
auth-025,2026-01-15T10:32:00+00:00,demo-target,lab-client-b,failure,lab-app-1
auth-031,not-a-timestamp,demo-unknown,lab-client-c,failure,lab-app-1
auth-032,2026-01-15T10:46:00+00:00,demo-unknown,lab-client-c,,lab-app-1
